Director,Director_ID
Tara Subkoff              ,1
Dan Trachtenberg          ,2
Timothy Hines             ,3
Christopher Barnard       ,4
Robert Moresco            ,5
Greg Marcks               ,6
Becky Smith               ,7
Peter H. Hunt             ,8
Li Zhang                  ,9
Tommy Oliver              ,10
Myles Berkowitz           ,11
Morgan Neville            ,12
Risa Bramon Garcia        ,13
Dinesh DSouza             ,14
Juan Carlos Fresnadillo   ,15
Charles Adelman           ,16
Eric Mendelsohn           ,17
Charles T. Kanganis       ,18
Demian Lichtenstein       ,19
Noam Murro                ,20
Cristian Mungiu           ,21
Lloyd Bacon               ,22
Carl Rinsch               ,23
Doug Block                ,24
Mark Christopher          ,25
Nicholas Ray              ,26
Jaco Booyens              ,27
Tom Schulman              ,28
Reed Cowan                ,29
Shane Acker               ,30
Mitchell Altieri          ,31
Bill Melendez             ,32
Kevin Brodie              ,33
David Hewlett             ,34
Frank Borzage             ,35
Jonathan Meyers           ,36
Kief Davidson             ,37
John Fortenberry          ,38
Jack Sholder              ,39
Pascal Chaumeil           ,40
Benjamin Roberds          ,41
Asghar Farhadi            ,42
Tom Ford                  ,43
Mabel Cheung              ,44
Martin Lawrence           ,45
Malcolm Goodwin           ,46
Ben Stassen               ,47
Todd Strauss-Schulson     ,48
Scott Frank               ,49
Maksim Fadeev             ,50
Justin Thomas Ostensen    ,51
John Laing                ,52
Remo                      ,53
Hans Petter Moland        ,54
Mike McCoy                ,55
Max Mayer                 ,56
H.M. Coakley              ,57
Agnieszka Wojtowicz-Vosloo,58
Ryan Smith                ,59
Charles S. Dutton         ,60
Richard Boddington        ,61
Max Färberböck            ,62
Raja Menon                ,63
Jim Abrahams              ,64
Scandar Copti             ,65
Doug Atchison             ,66
Henry King                ,67
Charles Shyer             ,68
Claude Miller             ,69
Dominic Burns             ,70
Sharron Miller            ,71
Phil Traill               ,72
Andrew Jarecki            ,73
Leonard Farlinger         ,74
Phil Morrison             ,75
Jason Trost               ,76
Steven Zaillian           ,77
Claudia Llosa             ,78
Eric Nicholas             ,79
Zoran Lisinac             ,80
Richard Rich              ,81
Anthony Bell              ,82
Rita Merson               ,83
Patrick Gilles            ,84
Piyush Dinker Pandya      ,85
Sarik Andreasyan          ,86
Sam Firstenberg           ,87
Mary Harron               ,88
Daniel Columbie           ,89
Arthur Hiller             ,90
Nadia Tass                ,91
Sai Varadan               ,92
Jerome Elston Scott       ,93
Jamel Debbouze            ,94
Reinhard Klooss           ,95
Collin Schiffli           ,96
Duke Johnson              ,97
Sam Levinson              ,98
Dena Seidel               ,99
Anthony Powell            ,100
Danny Perez               ,101
Brandon Cronenberg        ,102
Gonzalo López-Gallego     ,103
Fred Walton               ,104
Matt Maiellaro            ,105
Nicholas Jarecki          ,106
Sharon Greytak            ,107
Peter Flinth              ,108
Gene Teigland             ,109
Deborah Anderson          ,110
Sarah Smith               ,111
Kay Pollak                ,112
Allison Burnett           ,113
Jean-François Richet      ,114
Frédéric Forestier        ,115
John Putch                ,116
James Manera              ,117
Chris Robinson            ,118
Joe Cornish               ,119
Kirsten Sheridan          ,120
Eldar Rapaport            ,121
Gabe Ibáñez               ,122
Joan Chen                 ,123
Joby Harold               ,124
Christian Sesma           ,125
Emily Dell                ,126
S.S. Rajamouli            ,127
Michael McCullers         ,128
Leslye Headland           ,129
Jon Lucas                 ,130
Jason Bateman             ,131
David E. Talbert          ,132
Kimble Rendall            ,133
Wych Kaosayananda         ,134
Joachim Rønning           ,135
Jeffrey St. Jules         ,136
Ash Baron-Cohen           ,137
Blair Erickson            ,138
Roger Vadim               ,139
Eric Lavaine              ,140
Shekar                    ,141
Steve Gomer               ,142
Richard J. Lewis          ,143
Chris DArienzo            ,144
Juraj Jakubisko           ,145
Jay Oliva                 ,146
Leslie H. Martinson       ,147
Louis Morneau             ,148
Benson Lee                ,149
Roger Christian           ,150
Sylvio Tabet              ,151
Benh Zeitlin              ,152
Steve Hickner             ,153
Frank Sebastiano          ,154
István Szabó              ,155
Dave Carroll              ,156
Jeremy Sims               ,157
Joe Camp                  ,158
Panos Cosmatos            ,159
Barry W. Blaustein        ,160
Kevin Spacey              ,161
Russ Meyer                ,162
Don Hall                  ,163
Jez Butterworth           ,164
Étienne Faure             ,165
Gil Junger                ,166
Jeta Amata                ,167
Katie Aselton             ,168
Mateo Gil                 ,169
Christopher Hutson        ,170
Dylan Bank                ,171
Katja von Garnier         ,172
Newt Arnold               ,173
Ted Demme                 ,174
Steve Taylor              ,175
Mort Nathan               ,176
Emilio Estevez            ,177
Ben Younger               ,178
Byron Howard              ,179
Erik Canuel               ,180
Joe Berlinger             ,181
Jack Conway               ,182
Vicky Jewson              ,183
Catherine Gund            ,184
James Schamus             ,185
Susan Seidelman           ,186
Rachel Perkins            ,187
Bobby Roth                ,188
Mark Andrews              ,189
Alan Rudolph              ,190
Daniel Taplitz            ,191
Daryl Wein                ,192
Sarah Gavron              ,193
Gabor Csupo               ,194
Beeban Kidron             ,195
Sharon Maguire            ,196
Richard Dutcher           ,197
James Bridges             ,198
Rowan Joffe               ,199
Jonathan Kaplan           ,200
Allen Hughes              ,201
Vidhu Vinod Chopra        ,202
Scott Ziehl               ,203
John Crowley              ,204
Jamal Hill                ,205
Takeshi Kitano            ,206
Blair Hayes               ,207
Tom Brady                 ,208
Jorge Ramírez Suárez      ,209
Paul Hunter               ,210
Steve Antin               ,211
John Wells                ,212
Tom Putnam                ,213
Cary Bell                 ,214
Matt Cimber               ,215
Douglas Cheek             ,216
Stephen Milburn Anderson  ,217
Travis Zariwny            ,218
Darnell Martin            ,219
Justin Dillon             ,220
Christophe Ali            ,221
Nancy Walker              ,222
Agustín Díaz Yanes        ,223
Nadine Labaki             ,224
James Fargo               ,225
Ivan Engler               ,226
David Pastor              ,227
Matt Piedmont             ,228
Pitof                     ,229
Neill Dela Llana          ,230
Mor Loushy                ,231
James David Pasternak     ,232
Deon Taylor               ,233
Kevin Carraway            ,234
Alex Zamm                 ,235
Mike van Diem             ,236
Jon Poll                  ,237
Ralph Nelson              ,238
Andy Cadiff               ,239
Linda Mendoza             ,240
E.L. Katz                 ,241
Timothy Woodward Jr.      ,242
Bradley Parker            ,243
Daniele Luchetti          ,244
Brian Caunter             ,245
Harmage Singh Kalirai     ,246
Charlie Levi              ,247
Majid Majidi              ,248
John Lafia                ,249
Hugh Johnson              ,250
Vivek Agnihotri           ,251
Clark Gregg               ,252
John Murlowski            ,253
Joe Roth                  ,254
Rafa Lara                 ,255
Aaron Hann                ,256
Maryam Keshavarz          ,257
Raymond De Felitta        ,258
Matt Dillon               ,259
Chuan Lu                  ,260
Neema Barnette            ,261
Joseph L. Mankiewicz      ,262
Isaac Florentine          ,263
Nae Caranfil              ,264
Dan Reed                  ,265
Cody Cameron              ,266
Anne Fontaine             ,267
Michael Winnick           ,268
Brad Copeland             ,269
Deb Hagan                 ,270
Joey Lauren Adams         ,271
Enrique Begne             ,272
Craig Zobel               ,273
Peter Landesman           ,274
Sara Sugarman             ,275
J. Lee Thompson           ,276
Neil Mcenery-West         ,277
Hans Canosa               ,278
Agnieszka Holland         ,279
Ralph Fiennes             ,280
Rob Pritts                ,281
Ossie Davis               ,282
Jem Cohen                 ,283
Peter Billingsley         ,284
Angelo Pizzo              ,285
Antonio Banderas          ,286
Benjamin Dickinson        ,287
Michael Gornick           ,288
Ingmar Bergman            ,289
Jackie Earle Haley        ,290
John Cornell              ,291
Peter Faiman              ,292
Brenton Spencer           ,293
Justin Molotnikov         ,294
Matthew OCallaghan        ,295
Fred Savage               ,296
Damien Dante Wayans       ,297
David Winters             ,298
Dan Fogelman              ,299
Aaron Seltzer             ,300
Kirk Loudon               ,301
Daniel Petrie Jr.         ,302
Nathan Frankowski         ,303
Michael Spierig           ,304
Alan Cohn                 ,305
Tim Robbins               ,306
Stefan Ruzowitzky         ,307
Tim Miller                ,308
Shona Auerbach            ,309
Ken Del Conte             ,310
Paul Bartel               ,311
Molly Bernstein           ,312
Matthew Hastings          ,313
Paul Donovan              ,314
Peter Stebbings           ,315
Adam Brooks               ,316
Niels Arden Oplev         ,317
Marc F. Adler             ,318
Will Canon                ,319
Andrew Steggall           ,320
Richard Raymond           ,321
Pierre Coffin             ,322
Alex Craig Mann           ,323
Mike Bigelow              ,324
Scott Kalvert             ,325
Matt Bettinelli-Olpin     ,326
Alec Asten                ,327
Darren Grant              ,328
Mamoru Hosoda             ,329
Romesh Sharma             ,330
Bob Giraldi               ,331
Eric Leighton             ,332
Dan Mazer                 ,333
David Nutter              ,334
Corey Yuen                ,335
Yorgos Lanthimos          ,336
Charles Martin Smith      ,337
Jean-Jacques Mantello     ,338
Joseph Gordon-Levitt      ,339
Jeremy Leven              ,340
Jake Goldberger           ,341
Oliver Blackburn          ,342
Troy Nixey                ,343
Dave Borthwick            ,344
John Patrick Shanley      ,345
Maurice Joyce             ,346
Kurt Voss                 ,347
Alan Jacobs               ,348
David Jacobson            ,349
Kris Isacsson             ,350
Gary Shore                ,351
Guy Maddin                ,352
Guillaume Ivernel         ,353
Yuefeng Song              ,354
Matthew Robbins           ,355
Finn Taylor               ,356
John Gatins               ,357
Eric Styles               ,358
Jeremy Brock              ,359
Michael Patrick Jann      ,360
Nick Gomez                ,361
Stephen Langford          ,362
Bruce Paltrow             ,363
Rohan Sippy               ,364
Peter Farrelly            ,365
Troy Miller               ,366
Gerry Lively              ,367
Joseph Mazzella           ,368
Tom Walsh                 ,369
Corey Grant               ,370
George Gallo              ,371
Henry Jaglom              ,372
Damien ODonnell           ,373
Patrick Ryan Sims         ,374
Jonathan Wacks            ,375
Dexter Fletcher           ,376
Boris Rodriguez           ,377
Shyam Madiraju            ,378
Frank Marshall            ,379
Ellory Elkayem            ,380
Carlos Carrera            ,381
Petter Næss               ,382
Neill Blomkamp            ,383
Mariette Monpierre        ,384
Greg Coolidge             ,385
Kevin Lima                ,386
Jim Hanon                 ,387
Jack Heller               ,388
Stefen Fangmeier          ,389
Stéphane Aubier           ,390
Don Siegel                ,391
Cal Brunker               ,392
Don Taylor                ,393
Randy Moore               ,394
Andrea Di Stefano         ,395
Michael Clancy            ,396
Jeff Schaffer             ,397
Baltasar Kormákur         ,398
Dan Rush                  ,399
Fede Alvarez              ,400
Lucile Hadzihalilovic     ,401
Alex Garland              ,402
Stuart Hazeldine          ,403
Jon Hess                  ,404
Marcus Nispel             ,405
Johnnie To                ,406
Adam Jay Epstein          ,407
Stephan Elliott           ,408
Michael D. Sellers        ,409
Ari Kirschenbaum          ,410
George Hickenlooper       ,411
Pan Nalin                 ,412
Regardt van den Bergh     ,413
Paul Mazursky             ,414
James Algar               ,415
Josh Trank                ,416
David Oelhoffen           ,417
Bob Saget                 ,418
Klaus Menzel              ,419
Joe Cross                 ,420
Lajos Koltai              ,421
Robert Hall               ,422
John Gulager              ,423
David Ray                 ,424
Andrew Currie             ,425
Kari Skogland             ,426
Michael Tiddes            ,427
Warren Sheppard           ,428
Rob Hawk                  ,429
Eddie OFlaherty           ,430
Youssef Delara            ,431
Hironobu Sakaguchi        ,432
Alan Yuen                 ,433
Ted Kotcheff              ,434
Andrea Arnold             ,435
Khalid Mohamed            ,436
Ole Christian Madsen      ,437
Mike Hodges               ,438
Marc Abraham              ,439
Kevin Hooks               ,440
Michael Mayer             ,441
Alan Shapiro              ,442
David Bowers              ,443
Tony Bill                 ,444
Jim Amatulli              ,445
Alex Kendrick             ,446
Sanjay Rawal              ,447
Robert Kenner             ,448
Lawrence Kasanoff         ,449
Dave Meyers               ,450
Herbert Ross              ,451
Jamie Travis              ,452
Dean Wright               ,453
Tyler Oliver              ,454
Jon Cassar                ,455
Kate Connor               ,456
Stuart Gordon             ,457
Christopher Morris        ,458
Paolo Monico              ,459
Robert Bennett            ,460
Heidi Ewing               ,461
Charles Matthau           ,462
Tom Green                 ,463
Peter Cousens             ,464
Matthew Bright            ,465
John Simpson              ,466
John Carl Buechler        ,467
Rob Hedden                ,468
Danny Steinmann           ,469
Will Gluck                ,470
Jeff Burr                 ,471
Courtney Hunt             ,472
Chris Buck                ,473
Ryan Coogler              ,474
Joshua Tickell            ,475
Kabir Sadanand            ,476
Josh Schwartz             ,477
Karim Aïnouz              ,478
Hoyt Yeatman              ,479
Bruno Barreto             ,480
William Sachs             ,481
Feroz Abbas Khan          ,482
Ralph Ziman               ,483
Tom Reeve                 ,484
Etan Cohen                ,485
Aaron Schneider           ,486
Tommy OHaver              ,487
Jim Sheridan              ,488
Courtney Solomon          ,489
Jim Jarmusch              ,490
Terry Zwigoff             ,491
Michael Hoffman Jr.       ,492
Kristin Rizzo             ,493
Kevin Tancharoen          ,494
Vondie Curtis-Hall        ,495
James Gartner             ,496
Carmen Marron             ,497
Ron Maxwell               ,498
Harold Cronk              ,499
Nick Hamm                 ,500
Takao Okawara             ,501
Hideaki Anno              ,502
Nanette Burstein          ,503
John Hoffman              ,504
Wolfgang Becker           ,505
Marianna Palka            ,506
Jim Issa                  ,507
Mark Helfrich             ,508
Vicente Amorim            ,509
Sue Corcoran              ,510
Mathieu Kassovitz         ,511
Jon Wright                ,512
Olivier Dahan             ,513
Brad J. Silverman         ,514
Davis Guggenheim          ,515
Herb Freed                ,516
David Caffrey             ,517
Nicholaus Goossen         ,518
Colin Minihan             ,519
Jeremy Saulnier           ,520
James Nunn                ,521
Leon Ford                 ,522
Frank Lotito              ,523
Rohit Jagessar            ,524
Eric Blakeney             ,525
William Phillips          ,526
Rania Attieh              ,527
Tamra Davis               ,528
Ryan Fleck                ,529
Dwight H. Little          ,530
Dominique Othenin-Girard  ,531
Tommy Lee Wallace         ,532
Rick Rosenthal            ,533
Joe Chappelle             ,534
Jonathan Jakubowicz       ,535
Ted Post                  ,536
Diane Keaton              ,537
Peter Webber              ,538
Duane Journey             ,539
Tommy Wirkola             ,540
Paul Bolger               ,541
Joe Swanberg              ,542
Mark Illsley              ,543
Mikael Salomon            ,544
Aleksey German            ,545
Johnny Remo               ,546
Shinji Aramaki            ,547
Jon Hurwitz               ,548
Danny Leiner              ,549
Jack Smight               ,550
Bronwen Hughes            ,551
Daniel Davila             ,552
Daniel Barber             ,553
Matt Birch                ,554
Adam Green                ,555
Christopher Scott Cherot  ,556
Terron R. Parsons         ,557
Allan Arkush              ,558
David Mirkin              ,559
Gerald Potterton          ,560
Scott Mann                ,561
Amat Escalante            ,562
Clive Barker              ,563
Howard Hughes             ,564
Barrett Esposito          ,565
Damir Catic               ,566
Angela Robinson           ,567
Mark Piznarski            ,568
Eric Bugbee               ,569
Spencer Susser            ,570
Tuck Tucker               ,571
Mikel Rueda               ,572
Mel Smith                 ,573
Matt Walsh                ,574
Vera Farmiga              ,575
Andrew Morahan            ,576
David Palmer              ,577
David Cross               ,578
Jason Eisener             ,579
Danny DeVito              ,580
Robert Townsend           ,581
Leos Carax                ,582
David Boyd                ,583
Mike Disa                 ,584
Cory Edwards              ,585
Wil Shriner               ,586
Forest Whitaker           ,587
Florent-Emilio Siri       ,588
Steve Pink                ,589
Terry George              ,590
Genndy Tartakovsky        ,591
David Worth               ,592
Mark Tonderai             ,593
David Duchovny            ,594
Andrucha Waddington       ,595
William Malone            ,596
George Jackson            ,597
Gerard Johnstone          ,598
Sajid Khan                ,599
Ian Iqbal Rashid          ,600
Kevin Rodney Sullivan     ,601
Lionel C. Martin          ,602
Christian Ditter          ,603
Mark Griffiths            ,604
Robert B. Weide           ,605
Willard Huyck             ,606
Michael Lehmann           ,607
Kundan Shah               ,608
Justin Kerrigan           ,609
Morgan J. Freeman         ,610
Craig Brewer              ,611
Luca Guadagnino           ,612
Tran Anh Hung             ,613
Hugh Hudson               ,614
Michael Martin            ,615
Bob Gosse                 ,616
Jim Gillespie             ,617
Glenn Ficarra             ,618
Julie Davis               ,619
Adam Goldberg             ,620
Bill Plympton             ,621
Mike Cahill               ,622
Jirí Menzel               ,623
Steven R. Monroe          ,624
Betty Thomas              ,625
Danny Cannon              ,626
Jeff Garlin               ,627
Ray Griggs                ,628
Stuart Beattie            ,629
Tim Fywell                ,630
Seth Gordon               ,631
Rodman Flender            ,632
Bryan Barber              ,633
R.J. Cutler               ,634
Monte Hellman             ,635
Dan Harris                ,636
Karey Kirkpatrick         ,637
Hayley Cloake             ,638
Richard Brooks            ,639
Jon Kasdan                ,640
David Sington             ,641
Zak Penn                  ,642
W.D. Hogan                ,643
Lisanne Pajot             ,644
Ruba Nadda                ,645
Jamin Winans              ,646
Leigh Whannell            ,647
Daston Kalili             ,648
David Kellogg             ,649
Eugenio Derbez            ,650
Steven Quale              ,651
D.W. Griffith             ,652
Joseph Zito               ,653
Wilson Yip                ,654
Robert Cary               ,655
Jonathan English          ,656
Thomas Lilti              ,657
Gaspar Noé                ,658
Elaine May                ,659
David Robert Mitchell     ,660
Gurinder Chadha           ,661
Anna Boden                ,662
Jon Knautz                ,663
Jeff Tremaine             ,664
Peter Kassovitz           ,665
Adam Marcus               ,666
Tom McLoughlin            ,667
James Isaac               ,668
Joseph Sargent            ,669
Jerry Belson              ,670
Jason Naumann             ,671
Alison Maclean            ,672
Randall Rubin             ,673
Ray Lawrence              ,674
Tom DiCillo               ,675
Christopher Erskin        ,676
Jimmy Hayward             ,677
Harry Elfont              ,678
Ham Tran                  ,679
Thorbjørn Christoffersen  ,680
Christian Carion          ,681
Todd Graff                ,682
Stanley Kramer            ,683
Blaz Zavrsnik             ,684
Taedong Park              ,685
Jason Alexander           ,686
Jesse Vaughan             ,687
David McNally             ,688
Robert Altman             ,689
Wajahat Rauf              ,690
Dan Cutforth              ,691
Peter Atencio             ,692
Edward Norton             ,693
Scott Marshall            ,694
Leslie Small              ,695
Ashish R. Mohan           ,696
Anthony Silverston        ,697
John Stockwell            ,698
Jesse Dylan               ,699
Justin Tipping            ,700
Larry Clark               ,701
Ben Wheatley              ,702
Gary McKendry             ,703
John Bud Cardos           ,704
Jeffrey W. Byrd           ,705
Shane Black               ,706
Chris Nahon               ,707
Patricia Rozema           ,708
Anurag Basu               ,709
Hark Tsui                 ,710
Michael Dougherty         ,711
Rakesh Roshan             ,712
Peter Yates               ,713
Teddy Chan                ,714
Jennifer Yuh Nelson       ,715
Alessandro Carloni        ,716
Kat Coiro                 ,717
Michael Cuesta            ,718
Luis Valdez               ,719
Eric Lartigau             ,720
Salvador Carrasco         ,721
Frank LaLoggia            ,722
Rajkumar Hirani           ,723
Joel Anderson             ,724
Tony Kaye                 ,725
Trent Cooper              ,726
Fred Schepisi             ,727
C. Jay Cox                ,728
Aki Kaurismäki            ,729
Vic Armstrong             ,730
Lijun Sun                 ,731
Will Finn                 ,732
Jean-Marie Poiré          ,733
Scott Foley               ,734
David Nixon               ,735
Lance McDaniel            ,736
Craig Bolotin             ,737
David F. Sandberg         ,738
Drake Doremus             ,739
John Schultz              ,740
Dean DeBlois              ,741
Lukas Moodysson           ,742
Moustapha Akkad           ,743
Khalil Sullins            ,744
Ward Roberts              ,745
Nick Hurran               ,746
Alejandro Monteverde      ,747
Todd Field                ,748
Paul Weitz                ,749
Jonathan Dayton           ,750
Guillaume Canet           ,751
Jorge Gaggero             ,752
David Hunt                ,753
Gene Quintano             ,754
Bruce Dellis              ,755
James Mather              ,756
Michael Anderson          ,757
Lisa Azuelos              ,758
Babak Najafi              ,759
Hunter Richards           ,760
Steve Carver              ,761
Ferzan Ozpetek            ,762
Antonio Simoncini         ,763
Janusz Kaminski           ,764
Erik White                ,765
Emma-Kate Croghan         ,766
Brandon Camp              ,767
Matt Jackson              ,768
Theodore Witcher          ,769
Amy Holden Jones          ,770
Robert D. Webb            ,771
Jeff Franklin             ,772
Jessie Nelson             ,773
Nicholas Fackler          ,774
Katherine Brooks          ,775
José Luis Valenzuela      ,776
Jorma Taccone             ,777
Ethan Maniquis            ,778
Giuliano Montaldo         ,779
Costa-Gavras              ,780
Marilyn Agrelo            ,781
Callie Khouri             ,782
Nigel Cole                ,783
Paul Weiland              ,784
William Bindley           ,785
Henry Hobson              ,786
Gregory Jacobs            ,787
David S. Ward             ,788
Robert Stromberg          ,789
Stevan Mena               ,790
Harley Cokeliss           ,791
Andrés Muschietti         ,792
Émile Gaudreault          ,793
Asger Leth                ,794
Franck Khalfoun           ,795
Eric Eason                ,796
Luc Jacquet               ,797
Dick Richards             ,798
J.C. Chandor              ,799
Joshua Marston            ,800
Randall Miller            ,801
Ira Sachs                 ,802
Sean Durkin               ,803
Menno Meyjes              ,804
Jerry Zaks                ,805
Robert Stevenson          ,806
John Moore                ,807
Ringo Lam                 ,808
Lucky McKee               ,809
Miranda July              ,810
Thea Sharrock             ,811
Jaime Zevallos            ,812
Jacob Aaron Estes         ,813
Barry Skolnick            ,814
Hal Needham               ,815
Tom McGrath               ,816
Brian Trenchard-Smith     ,817
Lars von Trier            ,818
Perry Lang                ,819
Luis Mandoki              ,820
Ronald Neame              ,821
Fritz Lang                ,822
Whit Stillman             ,823
Robert Fontaine           ,824
Don Kempf                 ,825
Kelly Makin               ,826
Pece Dingo                ,827
Martin Brest              ,828
Kyle Balda                ,829
Dave McKean               ,830
Shintaro Shimosawa        ,831
Liv Ullmann               ,832
Zach Cregger              ,833
Chris Noonan              ,834
François Truffaut         ,835
Ken Shapiro               ,836
Charles Chaplin           ,837
Laurent Tirard            ,838
John Duigan               ,839
Frank Perry               ,840
Fernando León de Aranoa   ,841
Joseph Ruben              ,842
Bennett Miller            ,843
Henry Selick              ,844
Gil Kenan                 ,845
Dan Scanlon               ,846
Rob Letterman             ,847
Gareth Edwards            ,848
Patty Jenkins             ,849
Brad Silberling           ,850
Qasim Basir               ,851
John R. Leonetti          ,852
Rodrigo García            ,853
Katherine Dieckmann       ,854
René Féret                ,855
Charles Stone III         ,856
Steve Bendelack           ,857
Bruce Beresford           ,858
Sammo Kam-Bo Hung         ,859
Tony Bancroft             ,860
Tim Hill                  ,861
Barbet Schroeder          ,862
Henry Alex Rubin          ,863
Gary David Goldberg       ,864
David Winning             ,865
Andrew Bujalski           ,866
Matthew Watts             ,867
Cheryl Dunye              ,868
P.J. Hogan                ,869
Joel Zwick                ,870
Philip Zlotorynski        ,871
Jon Gunn                  ,872
Paul Fierlinger           ,873
George Cukor              ,874
Stefan C. Schaefer        ,875
Isabel Coixet             ,876
Bruce Campbell            ,877
Karan Johar               ,878
Richard Benjamin          ,879
Pawel Pawlikowski         ,880
Kinka Usher               ,881
David M. Matthews         ,882
Vipul Amrutlal Shah       ,883
Jared Hess                ,884
Jennifer Wynne Farmer     ,885
Stanton Barrett           ,886
Arjun Sablok              ,887
Scott Waugh               ,888
Eric Schaeffer            ,889
Michael Jai White         ,890
Jeff Wadlow               ,891
Jonas Elmer               ,892
Benny Boom                ,893
Henry Hathaway            ,894
Douglas McGrath           ,895
Dan Gilroy                ,896
Bruce Malmuth             ,897
Jennifer Flackett         ,898
Chris Shadley             ,899
Fabián Bielinsky          ,900
Sam Miller                ,901
Dave Payne                ,902
Joel Gallen               ,903
Shane Dawson              ,904
Bill Duke                 ,905
Richard Eyre              ,906
Michael Roemer            ,907
Steve Oedekerk            ,908
Roger Michell             ,909
Greg Harrison             ,910
David Atkins              ,911
Ol Parker                 ,912
Sam Taylor-Johnson        ,913
Caroline Link             ,914
Douglas Aarniokoski       ,915
Neil LaBute               ,916
Fedor Bondarchuk          ,917
Jody Hill                 ,918
Gillian Robespierre       ,919
Andrew Erwin              ,920
Mike Flanagan             ,921
Xavier Beauvois           ,922
Benedikt Erlingsson       ,923
Mike Judge                ,924
Steven Seagal             ,925
Peter R. Hunt             ,926
Tadeo Garcia              ,927
Lori Silverbush           ,928
Walter Salles             ,929
Elia Kazan                ,930
Paul Crowder              ,931
Dave Rodriguez            ,932
John Carney               ,933
Lone Scherfig             ,934
Milos Forman              ,935
Mark Romanek              ,936
Lance Hool                ,937
Pascal Arnold             ,938
Tony Jaa                  ,939
Sheldon Lettich           ,940
Marcio Garcia             ,941
John Reinhardt            ,942
John H. Lee               ,943
Carl Theodor Dreyer       ,944
Michael Cristofer         ,945
Siddiq Barmak             ,946
Gillian Armstrong         ,947
Stiles White              ,948
Jesse Peretz              ,949
Susanna White             ,950
Brendan Malloy            ,951
Danny Pang                ,952
Dennis Hopper             ,953
Robert Sarkies            ,954
Lluís Quílez              ,955
Scott Cooper              ,956
Carl Franklin             ,957
Sacha Bennett             ,958
Michael Corrente          ,959
Jeff Lowell               ,960
Tim Johnson               ,961
Harry F. Millarde         ,962
Richard Kwietniowski      ,963
Tim Blake Nelson          ,964
R. Balki                  ,965
Paul King                 ,966
Joshua Logan              ,967
Gia Coppola               ,968
Julien Temple             ,969
Georg Wilhelm Pabst       ,970
Christian Alvart          ,971
Guillermo del Toro        ,972
Paul Abascal              ,973
Tod Williams              ,974
Henry Joost               ,975
Christopher Landon        ,976
Oren Peli                 ,977
Chris Butler              ,978
Olivier Assayas           ,979
Vic Sarin                 ,980
Fenton Bailey             ,981
Paul Gross                ,982
Marc Schölermann          ,983
Steve Carr                ,984
Hart Bochner              ,985
Sut Jhally                ,986
Victor Salva              ,987
Tina Gordon Chism         ,988
Eric Darnell              ,989
Jamaa Fanaka              ,990
Daniel Algrant            ,991
Thor Freudenthal          ,992
Ken Roht                  ,993
Ian Fitzgibbon            ,994
Vincent Paronnaud         ,995
David Lowery              ,996
Nnegest Likké             ,997
James Bidgood             ,998
Norman Ferguson           ,999
Richard Curtis            ,1000
Rob Marshall              ,1001
Elizabeth Banks           ,1002
Jason Moore               ,1003
Jorge Blanco              ,1004
Tim Burton                ,1005
Julian Gilbey             ,1006
Mike Gabriel              ,1007
Ericson Core              ,1008
Kunihiko Yuyama           ,1009
Alan Metter               ,1010
Maïwenn                   ,1011
Ed Harris                 ,1012
Gary Sherman              ,1013
Bruce McDonald            ,1014
Frank Nissen              ,1015
Mars Callahan             ,1016
Louis C.K.                ,1017
Vicky Jenson              ,1018
Lloyd Kaufman             ,1019
Ernie Barbarash           ,1020
Griffin Dunne             ,1021
Lee Daniels               ,1022
Nimród Antal              ,1023
Steve James               ,1024
Mennan Yapo               ,1025
Burr Steers               ,1026
Scott Stewart             ,1027
Shane Carruth             ,1028
Marc Forby                ,1029
Howard Zieff              ,1030
Dean Israelite            ,1031
Nima Nourizadeh           ,1032
Mary Pat Kelly            ,1033
Robert Lee King           ,1034
Jim Sonzero               ,1035
Lexi Alexander            ,1036
Mike Newell               ,1037
John Erick Dowdle         ,1038
Dustin Hoffman            ,1039
Brett Piper               ,1040
Michael Rymer             ,1041
Sadyk Sher-Niyaz          ,1042
Mervyn LeRoy              ,1043
Laurent Bouhnik           ,1044
Peter DeLuise             ,1045
Hitoshi Matsumoto         ,1046
Jerry Jameson             ,1047
Peter Sollett             ,1048
Gnana Rajasekaran         ,1049
Peter MacDonald           ,1050
Elizabeth Allen Rosenbaum ,1051
Uwe Boll                  ,1052
Rakeysh Omprakash Mehra   ,1053
Jerry Zucker              ,1054
Antonia Bird              ,1055
Travis Legge              ,1056
Valeri Milev              ,1057
Patricia Cardoso          ,1058
Chuck Sheetz              ,1059
Dean Parisot              ,1060
John Milius               ,1061
Kriv Stenders             ,1062
Rodrigo Cortés            ,1063
Antony Hoffman            ,1064
Julian Jarrold            ,1065
Howard Hawks              ,1066
Anthony Hemingway         ,1067
Mario Van Peebles         ,1068
Warren Beatty             ,1069
Chao-Bin Su               ,1070
Allen Coulter             ,1071
Christian Volckman        ,1072
Robert Ben Garant         ,1073
Alex Cox                  ,1074
Miguel Sapochnik          ,1075
Werner Herzog             ,1076
Alexander Witt            ,1077
Edward Hall               ,1078
Zack Ward                 ,1079
Brian Yuzna               ,1080
Bonnie Hunt               ,1081
Robin Budd                ,1082
Walter Murch              ,1083
William A. Graham         ,1084
Stacy Peralta             ,1085
Penny Marshall            ,1086
Carlos Saldanha           ,1087
Liliana Cavani            ,1088
Joe Kenemore              ,1089
Peter Ramsey              ,1090
Tim Hunter                ,1091
David LaChapelle          ,1092
Adam Carolla              ,1093
Rowdy Herrington          ,1094
Jugal Hansraj             ,1095
Eric England              ,1096
Noel Marshall             ,1097
Fred Dekker               ,1098
José Padilha              ,1099
Jake Schreier             ,1100
Chris Wedge               ,1101
Jeff Crook                ,1102
Shimit Amin               ,1103
Joel Paul Reisig          ,1104
John Turturro             ,1105
Valentine                 ,1106
Peter Medak               ,1107
Lenny Abrahamson          ,1108
Jon Stewart               ,1109
Chad Kapper               ,1110
Babar Ahmed               ,1111
Quentin Dupieux           ,1112
William H. Macy           ,1113
John Eng                  ,1114
Stig Bergqvist            ,1115
Stanley Tong              ,1116
Collin Joseph Neal        ,1117
Mike Mayhall              ,1118
Ryan Murphy               ,1119
Corbin Bernsen            ,1120
Daniel Espinosa           ,1121
John Hamburg              ,1122
Colin Trevorrow           ,1123
Boaz Yakin                ,1124
Hue Rhodes                ,1125
Michael McGowan           ,1126
Ryan Little               ,1127
George Ratliff            ,1128
Ron Fricke                ,1129
Brad Peyton               ,1130
Thomas L. Phillips        ,1131
Alister Grierson          ,1132
Allan Dwan                ,1133
Gilles Paquet-Brenner     ,1134
Rohit Jugraj              ,1135
Greg Tiernan              ,1136
Tom Kalin                 ,1137
Gregory Nava              ,1138
Brian Dannelly            ,1139
Alice Wu                  ,1140
Beto Gómez                ,1141
Darren Lynn Bousman       ,1142
Kevin Greutert            ,1143
David Hackl               ,1144
J.B. Rogers               ,1145
Stephen Kijak             ,1146
Scott Alexander           ,1147
Harold Becker             ,1148
Ronan Chapalain           ,1149
Tim McCanlies             ,1150
Steven Shainberg          ,1151
John Whitesell            ,1152
Don Mancini               ,1153
Lorene Scafaria           ,1154
Ava DuVernay              ,1155
Kent Alterman             ,1156
John Waters               ,1157
Martin McDonagh           ,1158
Akira Kurosawa            ,1159
Sergey Bodrov             ,1160
Michael Patrick King      ,1161
Harry Gantz               ,1162
Damian Nieman             ,1163
Richard Attenborough      ,1164
John Singleton            ,1165
Edward Dmytryk            ,1166
Steve McQueen             ,1167
Daniel Hsia               ,1168
Tom Dey                   ,1169
Jim Goddard               ,1170
Stephen Chow              ,1171
Jerry Dugan               ,1172
Anthony C. Ferrante       ,1173
Dan Perri                 ,1174
Billy Ray                 ,1175
Mike Barker               ,1176
Lowell Sherman            ,1177
John Guillermin           ,1178
Laurie Collyer            ,1179
Robert Iscove             ,1180
Jim Field Smith           ,1181
Tung-Shing Yee            ,1182
Nils Gaup                 ,1183
Joseph Dorman             ,1184
Stefan Schwartz           ,1185
Adam Rifkin               ,1186
Maurizio Benazzo          ,1187
John Cameron Mitchell     ,1188
Marc Bennett              ,1189
George Sidney             ,1190
Cassandra Nicolaou        ,1191
Mark L. Lester            ,1192
Chris Miller              ,1193
Masayuki Ochiai           ,1194
Denis Villeneuve          ,1195
Scott Smith               ,1196
Michael J. Bassett        ,1197
Christophe Gans           ,1198
Chris Kentis              ,1199
Douglas Trumbull          ,1200
Woo-Suk Kang              ,1201
Hao Ning                  ,1202
Mark Steven Johnson       ,1203
Mark Tarlov               ,1204
Patrick Gilmore           ,1205
Stanley Donen             ,1206
Ciarán Foy                ,1207
Florence Ayisi            ,1208
Lance Mungia              ,1209
Ekachai Uekrongtham       ,1210
Kerry Conran              ,1211
Mike Mitchell             ,1212
Colin Strause             ,1213
Michael Moore             ,1214
Dewey Nicks               ,1215
Marc Levin                ,1216
Alex Rivera               ,1217
Jaume Balagueró           ,1218
Peter Howitt              ,1219
Billy Bob Thornton        ,1220
Wayne Beach               ,1221
John Maclean              ,1222
Kevin Jordan              ,1223
Chris Eyre                ,1224
Ric Roman Waugh           ,1225
Chris Koch                ,1226
Wayne Wang                ,1227
Vladlen Barbe             ,1228
Rupert Sanders            ,1229
William Cottrell          ,1230
David DeCoteau            ,1231
Michael Cohn              ,1232
Andrei Tarkovsky          ,1233
Brian Koppelman           ,1234
Livingston Oden           ,1235
Jack Perez                ,1236
Tony Goldwyn              ,1237
Darin Scott               ,1238
Jeannot Szwarc            ,1239
Christopher Spencer       ,1240
Lawrence Guterman         ,1241
Kate Barker-Froyland      ,1242
Maggie Greenwald          ,1243
Wallace Wolodarsky        ,1244
Stewart Hendler           ,1245
Fatih Akin                ,1246
Jessy Terrero             ,1247
Sean McNamara             ,1248
Stephen Carpenter         ,1249
Takashi Yamazaki          ,1250
Inna Evlannikova          ,1251
Joe Pytka                 ,1252
Patrick Read Johnson      ,1253
James L. Brooks           ,1254
Darren Stein              ,1255
Salim Akil                ,1256
Mark A.Z. Dippé           ,1257
Hal Haberman              ,1258
Sam Mendes                ,1259
Nickolas Perry            ,1260
Bob Spiers                ,1261
Kelly Asbury              ,1262
Hayao Miyazaki            ,1263
Vincenzo Natali           ,1264
Tony Maylam               ,1265
Harmony Korine            ,1266
Jonas Åkerlund            ,1267
Rick Friedberg            ,1268
Theodore Melfi            ,1269
Jim Mickle                ,1270
Bo Zenga                  ,1271
Errol Morris              ,1272
Leonard Nimoy             ,1273
William Shatner           ,1274
Nicholas Meyer            ,1275
David Carson              ,1276
Stuart Baird              ,1277
George Lucas              ,1278
Irvin Kershner            ,1279
Richard Marquand          ,1280
Doug Walker               ,1281
Robert C. Cooper          ,1282
Chris Atkins              ,1283
Katsuhiro Ôtomo           ,1284
Kenneth Johnson           ,1285
Jon M. Chu                ,1286
Scott Speer               ,1287
Chris Columbus            ,1288
Michael Taliferro         ,1289
Jessica Bendinger         ,1290
Gary Sinyor               ,1291
Rupert Wainwright         ,1292
Richard Glatzer           ,1293
David Koepp               ,1294
Conor McMahon             ,1295
Chan-wook Park            ,1296
Pete Jones                ,1297
Craig R. Baxley           ,1298
Kimberly Peirce           ,1299
Jim Chuchu                ,1300
Kim Farrant               ,1301
Andrzej Bartkowiak        ,1302
Steven E. de Souza        ,1303
Andrew Bergman            ,1304
Benni Diez                ,1305
Georgia Hilton            ,1306
Tony Krantz               ,1307
Richard Ayoade            ,1308
Leon Ichaso               ,1309
Allison Anders            ,1310
David Ayer                ,1311
Michael Tollin            ,1312
Rachel Goldenberg         ,1313
Christine Jeffs           ,1314
John Sayles               ,1315
J.J. Abrams               ,1316
Eric Valette              ,1317
Annabel Jankel            ,1318
Bob Clark                 ,1319
Greg Mottola              ,1320
Simon Yin                 ,1321
Steve Boyum               ,1322
Richard Lester            ,1323
Sidney J. Furie           ,1324
Bruce McCulloch           ,1325
James Gunn                ,1326
Daniel Schechter          ,1327
Éric Tessier              ,1328
S.R. Bindler              ,1329
Ash Brannon               ,1330
George A. Romero          ,1331
E. Elias Merhige          ,1332
Bob Fosse                 ,1333
Pat OConnor               ,1334
Melvin Van Peebles        ,1335
Keith Parmer              ,1336
John Polson               ,1337
François Ozon             ,1338
Joshua Michael Stern      ,1339
Jeb Stuart                ,1340
Joe Nussbaum              ,1341
Charlie Kaufman           ,1342
Stephen Gaghan            ,1343
Siddharth Anand           ,1344
Gary Winick               ,1345
Je-kyu Kang               ,1346
Michael Dowse             ,1347
Jeff Nichols              ,1348
Liz Friedlander           ,1349
Olivier Megaton           ,1350
Ernest R. Dickerson       ,1351
Rusty Cundieff            ,1352
Nathan Greno              ,1353
Carlos Saura              ,1354
Rachel Talalay            ,1355
Francesca Gregorini       ,1356
Jonathan Caouette         ,1357
Alex Gibney               ,1358
Avi Nesher                ,1359
Franco Zeffirelli         ,1360
Timothy Björklund         ,1361
Trey Parker               ,1362
Seth MacFarlane           ,1363
Christopher Leitch        ,1364
Michael Pressman          ,1365
Stuart Gillard            ,1366
Dave Green                ,1367
Al Franklin               ,1368
Mitchell Lichtenstein     ,1369
John Luessenhop           ,1370
Tom Gormican              ,1371
Tom Hanks                 ,1372
Sean Anders               ,1373
Craig Moss                ,1374
Rick Bieber               ,1375
J Blakeson                ,1376
Joshua Oppenheimer        ,1377
George Nolfi              ,1378
Jonathan Newman           ,1379
Gary Halvorson            ,1380
Steve Barron              ,1381
Des McAnuff               ,1382
Lee Toland Krieger        ,1383
Giovanni Zelko            ,1384
Claudia Sainte-Luce       ,1385
Marc Webb                 ,1386
Anton Corbijn             ,1387
Andrew Douglas            ,1388
Clay Kaytis               ,1389
John A. Davis             ,1390
Robert Duvall             ,1391
Todd Lincoln              ,1392
Gavin Wiesen              ,1393
Christian Duguay          ,1394
Michel Hazanavicius       ,1395
Andrew Dominik            ,1396
Hsiao-Hsien Hou           ,1397
Rand Ravich               ,1398
Joss Whedon               ,1399
Nick Murphy               ,1400
Alan Poul                 ,1401
Robert M. Young           ,1402
Rebecca Miller            ,1403
Bob Dolman                ,1404
Denys Arcand              ,1405
Ruggero Deodato           ,1406
Rich Cowan                ,1407
Efram Potelle             ,1408
Eugène Lourié             ,1409
Don Coscarelli            ,1410
Jodie Foster              ,1411
Henry Bean                ,1412
Colin Higgins             ,1413
Giuseppe Tornatore        ,1414
William Wyler             ,1415
Amanda Gusack             ,1416
Lucio Fulci               ,1417
George Armitage           ,1418
Kirk Wong                 ,1419
King Vidor                ,1420
Niall Johnson             ,1421
Kevin Allen               ,1422
Justin Zackham            ,1423
Nate Parker               ,1424
Gary Nelson               ,1425
Carroll Ballard           ,1426
Daniel Myrick             ,1427
David Webb Peoples        ,1428
Andrew Berends            ,1429
Walter Lang               ,1430
Léa Pool                  ,1431
Mathieu Amalric           ,1432
Albert Hughes             ,1433
Jorge R. Gutiérrez        ,1434
Gary Rogers               ,1435
Brian Percival            ,1436
Troy Duffy                ,1437
Ben Falcone               ,1438
Andy Tennant              ,1439
Doug Liman                ,1440
Tony Gilroy               ,1441
Graham Annable            ,1442
Richard Kelly             ,1443
Mark Herman               ,1444
Franklin J. Schaffner     ,1445
Amal Al-Agroobi           ,1446
Joseph Green              ,1447
Ramaa Mosley              ,1448
Jerry Rees                ,1449
Mary McGuckian            ,1450
David Lean                ,1451
Harry Beaumont            ,1452
Greg Berlanti             ,1453
Rian Johnson              ,1454
Edward Burns              ,1455
Bob Odenkirk              ,1456
Gary Hardwick             ,1457
Vincent Gallo             ,1458
Eytan Fox                 ,1459
Sherman Alexie            ,1460
Eric Bress                ,1461
Drew Goddard              ,1462
Jonathan Parker           ,1463
Andrew Leman              ,1464
Jason Stone               ,1465
Jay Roach                 ,1466
Paul Schrader             ,1467
Chris Marker              ,1468
Bo Welch                  ,1469
Kasi Lemmons              ,1470
Bruce Hunt                ,1471
Tarsem Singh              ,1472
Bigas Luna                ,1473
Christophe Barratier      ,1474
Tom Seidman               ,1475
John Stephenson           ,1476
Andrew Adamson            ,1477
David Twohy               ,1478
Arie Posin                ,1479
Jafar Panahi              ,1480
Michael Chapman           ,1481
Laurent Cantet            ,1482
Mabrouk El Mechri         ,1483
Marcus Dunstan            ,1484
Bille August              ,1485
James Wan                 ,1486
Fernando Meirelles        ,1487
Lance Rivera              ,1488
Wayne Kramer              ,1489
James Foley               ,1490
Paul Andrew Williams      ,1491
Peter Hastings            ,1492
Andrew Fleming            ,1493
Michael Dinner            ,1494
John Stainton             ,1495
Kirk De Micco             ,1496
Alex Proyas               ,1497
Jamie Thraves             ,1498
Kiyoshi Kurosawa          ,1499
Derick Martini            ,1500
John Herzfeld             ,1501
Steve Box                 ,1502
Peter Care                ,1503
Paul Fox                  ,1504
Chris Gorak               ,1505
Karen Moncrieff           ,1506
Matthew R. Anderson       ,1507
Ulu Grosbard              ,1508
Michael Cimino            ,1509
Lance Kawas               ,1510
Alexander Payne           ,1511
Neil Marshall             ,1512
William Brent Bell        ,1513
David Frankel             ,1514
Taylor Hackford           ,1515
Jason Connery             ,1516
Marielle Heller           ,1517
Larry Charles             ,1518
Ron Howard                ,1519
Matt Johnson              ,1520
Xavier Gens               ,1521
Julian Schnabel           ,1522
Alex Ranarivelo           ,1523
Alex van Warmerdam        ,1524
Saul Dibb                 ,1525
Ari Sandel                ,1526
Jay Chandrasekhar         ,1527
Zal Batmanglij            ,1528
Conor McPherson           ,1529
Michael Curtiz            ,1530
Mark Dindal               ,1531
Scott Derrickson          ,1532
Patrick Hughes            ,1533
Sylvester Stallone        ,1534
Bradley Rust Gray         ,1535
Shari Springer Berman     ,1536
David Moreau              ,1537
Robert Rodriguez          ,1538
Anthony Mann              ,1539
Thomas Bezucha            ,1540
Justin Lin                ,1541
Josh Boone                ,1542
David R. Ellis            ,1543
Craig Gillespie           ,1544
Hugh Wilson               ,1545
Nicholas Stoller          ,1546
Yimou Zhang               ,1547
Jason Zada                ,1548
J.S. Cardone              ,1549
Shekhar Kapur             ,1550
Alan Alda                 ,1551
Olatunde Osunsanmi        ,1552
Brandon Trost             ,1553
Scott Walker              ,1554
Andrew Hyatt              ,1555
Andrew Davis              ,1556
Abel Ferrara              ,1557
Travis Cluff              ,1558
Rupert Wyatt              ,1559
David Anspaugh            ,1560
Dror Moreh                ,1561
Aleksandr Veledinskiy     ,1562
Paul Bunnell              ,1563
Joel Edgerton             ,1564
Luke Greenfield           ,1565
André Téchiné             ,1566
Daniel Sackheim           ,1567
John Gray                 ,1568
Michael Ritchie           ,1569
Peter Sohn                ,1570
Julio DePietro            ,1571
Dagur Kári                ,1572
Jake Paltrow              ,1573
Sergio Leone              ,1574
Neal Brennan              ,1575
David G. Evans            ,1576
Kar-Wai Wong              ,1577
Paolo Sorrentino          ,1578
Denzel Washington         ,1579
John Sturges              ,1580
Baz Luhrmann              ,1581
Michael Crichton          ,1582
Bill Paxton               ,1583
Morgan Spurlock           ,1584
Cecil B. DeMille          ,1585
George Stevens            ,1586
Shana Feste               ,1587
Michel Gondry             ,1588
Eli Roth                  ,1589
Joe Carnahan              ,1590
Takashi Shimizu           ,1591
John Michael McDonagh     ,1592
Pierre Morel              ,1593
Bill Benenson             ,1594
Charles Herman-Wurmfeld   ,1595
Todd Phillips             ,1596
U. Roberto Romano         ,1597
Quentin Tarantino         ,1598
Rob Minkoff               ,1599
Tom Elkins                ,1600
Mickey Liddell            ,1601
Thaddeus OSullivan        ,1602
Jonathan Kesselman        ,1603
A. Raven Cruz             ,1604
Tate Taylor               ,1605
Martin Weisz              ,1606
Alexandre Aja             ,1607
Garth Jennings            ,1608
Lucrecia Martel           ,1609
Brian Dorton              ,1610
Michel Orion Scott        ,1611
Jean-Paul Rappeneau       ,1612
Andrew Niccol             ,1613
Joon-ho Bong              ,1614
Fred Wolf                 ,1615
Terence Davies            ,1616
Joel Coen                 ,1617
Gary Trousdale            ,1618
Gary Ross                 ,1619
William Friedkin          ,1620
Cedric Nicolas-Troyan     ,1621
Thomas Vinterberg         ,1622
Robert Rossen             ,1623
Roland Suso Richter       ,1624
Stewart Raffill           ,1625
Ang Lee                   ,1626
Ariel Vromen              ,1627
Patrick Meaney            ,1628
Morten Tyldum             ,1629
Oliver Parker             ,1630
Mary Lambert              ,1631
Don Scardino              ,1632
Maria Maggenti            ,1633
Gregor Jordan             ,1634
Matty Rich                ,1635
Ti West                   ,1636
Tom Tykwer                ,1637
Oliver Hirschbiegel       ,1638
Ricky Gervais             ,1639
Phyllida Lloyd            ,1640
Michael Caton-Jones       ,1641
John Maybury              ,1642
Marcus Raboy              ,1643
James Melkonian           ,1644
Frank Whaley              ,1645
Derrick Borte             ,1646
David Dobkin              ,1647
Steve Trenbirth           ,1648
John G. Avildsen          ,1649
Lisa Cholodenko           ,1650
Fernando Baez Mella       ,1651
Tom Hooper                ,1652
Tom Sanchez               ,1653
Reginald Hudlin           ,1654
Orson Welles              ,1655
Alejandro Agresti         ,1656
Dan Zukovic               ,1657
Rod Lurie                 ,1658
Ruairi Robinson           ,1659
Bernardo Bertolucci       ,1660
Ed Gass-Donnelly          ,1661
Daniel Stamm              ,1662
Richard LaGravenese       ,1663
Hyung-rae Shim            ,1664
Dennis Iliadis            ,1665
Doug Lefler               ,1666
Michael Mann              ,1667
Jeff Nathanson            ,1668
Michael Landon Jr.        ,1669
Julie Anne Robinson       ,1670
Jee-woon Kim              ,1671
Michael Hoffman           ,1672
Stephen Kay               ,1673
Breck Eisner              ,1674
David Gelb                ,1675
Stephen Norrington        ,1676
Robert Redford            ,1677
Chia-Liang Liu            ,1678
Mike Bruce                ,1679
Tanner Beard              ,1680
Chatrichalerm Yukol       ,1681
David Yates               ,1682
William A. Fraker         ,1683
Phil Lord                 ,1684
Laurence Dunmore          ,1685
Vadim Perelman            ,1686
Alan Parker               ,1687
Brad Furman               ,1688
Roger Allers              ,1689
Deryck Broom              ,1690
Luke Dye                  ,1691
Mark Osborne              ,1692
Uli Edel                  ,1693
John Glen                 ,1694
Sol Tryon                 ,1695
Jim Fall                  ,1696
Renny Harlin              ,1697
Ken Annakin               ,1698
George Tillman Jr.        ,1699
Peter Segal               ,1700
Fred Durst                ,1701
John D. Hancock           ,1702
Rob Zombie                ,1703
Sylvain White             ,1704
Mike Figgis               ,1705
Andy Garcia               ,1706
Bill Muir                 ,1707
Larry Blamire             ,1708
Billy Wilder              ,1709
Marco Schnabel            ,1710
Dan Curtis                ,1711
Sean Byrne                ,1712
Peter Jackson             ,1713
Neil Burger               ,1714
Scott Hicks               ,1715
Ritesh Batra              ,1716
Frederik Du Chau          ,1717
Michael Walker            ,1718
Richard Schenkman         ,1719
George Miller             ,1720
Guy Ritchie               ,1721
John Huston               ,1722
Jon Amiel                 ,1723
John Ford                 ,1724
RZA                       ,1725
Les Mayfield              ,1726
William Kaufman           ,1727
John Bonito               ,1728
Warren P. Sonoda          ,1729
Perry Andelin Blake       ,1730
Richard Shepard           ,1731
Lana Wachowski            ,1732
Gordon Chan               ,1733
Grant Heslov              ,1734
Michael Radford           ,1735
Luc Besson                ,1736
Oren Moverman             ,1737
Ryûhei Kitamura           ,1738
Stephen Herek             ,1739
Tim Chambers              ,1740
Noah Buschel              ,1741
Martin Ritt               ,1742
Anthony Vallone           ,1743
George Clooney            ,1744
Harald Zwart              ,1745
Michael Kang              ,1746
Mark Pellington           ,1747
Michael Burke             ,1748
Stephen Sommers           ,1749
Brian Henson              ,1750
James Frawley             ,1751
James Bobin               ,1752
Albert Brooks             ,1753
Daniel Mellitz            ,1754
David Zucker              ,1755
Michel Leclerc            ,1756
F. Gary Gray              ,1757
Nicolas Winding Refn      ,1758
Irwin Winkler             ,1759
Ed Decter                 ,1760
Richard Linklater         ,1761
John Schlesinger          ,1762
Paul Haggis               ,1763
Patrick Stettner          ,1764
Laslo Benedek             ,1765
Fred Zinnemann            ,1766
Peter Lepeniotis          ,1767
Andrey Konchalovskiy      ,1768
Emile Ardolino            ,1769
Tom Shadyac               ,1770
Nicholas Hytner           ,1771
Peter Hedges              ,1772
Billy Kent                ,1773
Robert Marcarelli         ,1774
James Wong                ,1775
Matthew Diamond           ,1776
Michael Meredith          ,1777
Jennifer Finnigan         ,1778
Brian Helgeland           ,1779
Spike Lee                 ,1780
J.A. Bayona               ,1781
Justin Chadwick           ,1782
Marius A. Markevicius     ,1783
James Dodson              ,1784
Adam McKay                ,1785
Mitch Davis               ,1786
Nick Cassavetes           ,1787
William Gazecki           ,1788
Álex de la Iglesia        ,1789
John Curran               ,1790
Matt Reeves               ,1791
Guy Hamilton              ,1792
Mel Gibson                ,1793
Jason Miller              ,1794
Mimi Leder                ,1795
Steve Martino             ,1796
Alan J. Pakula            ,1797
William Dear              ,1798
Nick Tomnay               ,1799
Mark Rosman               ,1800
Bille Woodruff            ,1801
Bruce Macdonald           ,1802
Stephen Chbosky           ,1803
D. Stevens                ,1804
Simon Wincer              ,1805
Roman Polanski            ,1806
Jane Campion              ,1807
Mike Nawrocki             ,1808
Peter Lord                ,1809
Vincente Minnelli         ,1810
Derek Cianfrance          ,1811
Ice Cube                  ,1812
Sean Penn                 ,1813
Lori Petty                ,1814
Ole Bornedal              ,1815
Bob Rafelson              ,1816
Kevin Costner             ,1817
Christopher Nolan         ,1818
Martha Coolidge           ,1819
Brenda Chapman            ,1820
Richard Williams          ,1821
Brian A Miller            ,1822
John Cromwell             ,1823
Susan Stroman             ,1824
Kaige Chen                ,1825
Gregory Widen             ,1826
Anne Fletcher             ,1827
Prachya Pinkaew           ,1828
Jay Duplass               ,1829
Jonathan Hensleigh        ,1830
James DeMonaco            ,1831
Gabriele Muccino          ,1832
Stephen Frears            ,1833
Sam Raimi                 ,1834
Jamie Babbit              ,1835
Katt Shea                 ,1836
Gareth Evans              ,1837
Jonathan Teplitzky        ,1838
Rick de Oliveira          ,1839
Stephen Hopkins           ,1840
François Girard           ,1841
Andrew Traucki            ,1842
Dan OBannon               ,1843
Blake Edwards             ,1844
Andrey Zvyagintsev        ,1845
Alejandro G. Iñárritu     ,1846
Brandon Landers           ,1847
Philip Kaufman            ,1848
Hideo Nakata              ,1849
Zackary Adler             ,1850
Mikael Håfström           ,1851
Bibo Bergeron             ,1852
Henry Koster              ,1853
Peter Cattaneo            ,1854
Charles Binamé            ,1855
John Lee Hancock          ,1856
Christian E. Christiansen ,1857
Mark Rydell               ,1858
Wes Anderson              ,1859
Igor Kovalyov             ,1860
Carter Smith              ,1861
Roger Avary               ,1862
Floria Sigismondi         ,1863
Paul Michael Glaser       ,1864
Phillip Noyce             ,1865
D.J. Caruso               ,1866
Michael Lembeck           ,1867
John Pasquin              ,1868
Tamara Jenkins            ,1869
Wes Ball                  ,1870
Chuck Russell             ,1871
Alejandro Amenábar        ,1872
John Madden               ,1873
Anna Muylaert             ,1874
Gina Prince-Bythewood     ,1875
Yarrow Cheney             ,1876
Tomm Moore                ,1877
Clark Johnson             ,1878
Ben Lewin                 ,1879
Russell Mulcahy           ,1880
Frank Darabont            ,1881
Stanley Kubrick           ,1882
Edward Zwick              ,1883
William Eubank            ,1884
Jonathan Demme            ,1885
David Silverman           ,1886
Keith Gordon              ,1887
Kurt Hale                 ,1888
Caryn Waechter            ,1889
Sanaa Hamri               ,1890
Ken Kwapis                ,1891
Iain Softley              ,1892
Craig Johnson             ,1893
Alex Smith                ,1894
Mona Fastvold             ,1895
Raja Gosnell              ,1896
Joe Wright                ,1897
Dito Montiel              ,1898
Jon Turteltaub            ,1899
Justin Paul Miller        ,1900
Robert Wise               ,1901
David Mamet               ,1902
Luis Llosa                ,1903
Craig Mazin               ,1904
James Ponsoldt            ,1905
Mark Waters               ,1906
Frank Miller              ,1907
Paul Tibbitt              ,1908
Stephen Hillenburg        ,1909
Brian Levant              ,1910
Jehane Noujaim            ,1911
Norman Jewison            ,1912
Tom McCarthy              ,1913
Nelson McCormick          ,1914
Frank Oz                  ,1915
Al Silliman Jr.           ,1916
Hilary Brougher           ,1917
George Roy Hill           ,1918
David Lynch               ,1919
Phil Alden Robinson       ,1920
Nick Love                 ,1921
Roger Kumble              ,1922
Claude Chabrol            ,1923
Josh Gordon               ,1924
John Boorman              ,1925
Sam Fell                  ,1926
Anthony Minghella         ,1927
Julie Taymor              ,1928
Tobe Hooper               ,1929
James Marsh               ,1930
Josef Rusnak              ,1931
John McTiernan            ,1932
Paul W.S. Anderson        ,1933
Jun Falkenstein           ,1934
Anthony OBrien            ,1935
Simon Wells               ,1936
Robert Schwentke          ,1937
Maggie Carey              ,1938
Chuck Bowman              ,1939
Harald Reinl              ,1940
Jane Clark                ,1941
Florian Henckel von Donner,1942
Ben Affleck               ,1943
Michael Herz              ,1944
John Frankenheimer        ,1945
Camille Delamarre         ,1946
Terrence Malick           ,1947
Ricki Stern               ,1948
Sylvain Chomet            ,1949
Jérôme Deschamps          ,1950
Kevin Donovan             ,1951
Bill Condon               ,1952
David Slade               ,1953
Chris Weitz               ,1954
Michael O. Sajbel         ,1955
David S. Goyer            ,1956
Brian De Palma            ,1957
Mike Binder               ,1958
Tay Garnett               ,1959
Joe Marino                ,1960
Mark Neveldine            ,1961
Phil Joanou               ,1962
Dan Ireland               ,1963
Sofia Coppola             ,1964
Huck Botko                ,1965
Philip Saville            ,1966
Michael Sucsy             ,1967
Hong-jin Na               ,1968
Scott Dow                 ,1969
Peter Ho-Sun Chan         ,1970
Sngmoo Lee                ,1971
DJ Pooh                   ,1972
Joe Charbanic             ,1973
Akiva Schaffer            ,1974
Russell Crowe             ,1975
Dennis Gansel             ,1976
Christopher McQuarrie     ,1977
Nat Faxon                 ,1978
Gore Verbinski            ,1979
Clare Kilner              ,1980
Adam Shankman             ,1981
Andrew Wilson             ,1982
James Ivory               ,1983
Michael Haneke            ,1984
Howard Deutch             ,1985
Michael Winner            ,1986
Jay Alaimo                ,1987
Patrice Leconte           ,1988
Sam Peckinpah             ,1989
Cathy Malkasian           ,1990
Ken Loach                 ,1991
Robert Eggers             ,1992
Victor Fleming            ,1993
Sidney Lumet              ,1994
Martin Scorsese           ,1995
Joe Johnston              ,1996
Robinson Devor            ,1997
James Watkins             ,1998
Diane English             ,1999
Rick Famuyiwa             ,2000
Brian Klugman             ,2001
Sterling Van Wagenen      ,2002
Russell Holt              ,2003
Nathan Smith Jones        ,2004
Nicolae Constantin Tanase ,2005
Michael Apted             ,2006
Edgar Wright              ,2007
Mike Marvin               ,2008
Darren Aronofsky          ,2009
Chris Carter              ,2010
Rob Bowman                ,2011
Udayan Prasad             ,2012
Jean-Pierre Jeunet        ,2013
Cyrus Nowrasteh           ,2014
Catherine Jelski          ,2015
Roland Joffé              ,2016
Floyd Mutrux              ,2017
Paul Thomas Anderson      ,2018
Bobby Farrelly            ,2019
C. Fraser Press           ,2020
Johanna Schwartz          ,2021
Robert Harmon             ,2022
Gary Fleder               ,2023
Susanne Bier              ,2024
Tim Story                 ,2025
Tom Holland               ,2026
Steve Beck                ,2027
Jill Sprecher             ,2028
Roger Donaldson           ,2029
Preston A. Whitmore II    ,2030
Shane Meadows             ,2031
Kenny Ortega              ,2032
Chad Hartigan             ,2033
Evan Goldberg             ,2034
Shawn Levy                ,2035
Danny Provenzano          ,2036
Britt Allcroft            ,2037
Alan Taylor               ,2038
Kenneth Branagh           ,2039
Robby Henson              ,2040
Tommy Lee Jones           ,2041
Daniel Lee                ,2042
David O. Russell          ,2043
Damon Santostefano        ,2044
Mike Mills                ,2045
Jeremy Degruson           ,2046
Terence Young             ,2047
Jonathan Frakes           ,2048
JK Youn                   ,2049
Wade Gasque               ,2050
Tim Heidecker             ,2051
Tony Giglio               ,2052
Terry Gilliam             ,2053
Rich Christiano           ,2054
Charles Ferguson          ,2055
Peter Hyams               ,2056
Nacho Vigalondo           ,2057
Richard Donner            ,2058
Ivan Kavanagh             ,2059
Ron Shelton               ,2060
Tomas Alfredson           ,2061
Lena Dunham               ,2062
Don Bluth                 ,2063
Kevin Munroe              ,2064
Simon Napier-Bell         ,2065
Gus Van Sant              ,2066
Robert Mulligan           ,2067
Brian Baugh               ,2068
Tony Richardson           ,2069
George P. Cosmatos        ,2070
Gregory Poirier           ,2071
Roger Spottiswoode        ,2072
Brad Bird                 ,2073
Sydney Pollack            ,2074
Andrés Couturier          ,2075
Chris Rock                ,2076
Mark Sandrich             ,2077
Sara Newens               ,2078
Richard Fleischer         ,2079
Alfred Hitchcock          ,2080
Joseph Kahn               ,2081
Paul Verhoeven            ,2082
Kevin Macdonald           ,2083
John Blanchard            ,2084
Peter Chelsom             ,2085
Lee Unkrich               ,2086
John Lasseter             ,2087
Ian Sharp                 ,2088
Christopher M. Bessette   ,2089
Marco Kreuzpaintner       ,2090
John Landis               ,2091
Steven Soderbergh         ,2092
Antoine Fuqua             ,2093
Judd Apatow               ,2094
Gideon Raff               ,2095
Danny Boyle               ,2096
Duncan Tucker             ,2097
Wally Pfister             ,2098
Michael Bay               ,2099
Brad Anderson             ,2100
Carol Reed                ,2101
Stephen Daldry            ,2102
Khyentse Norbu            ,2103
Travis Romero             ,2104
Analeine Cal y Mayor      ,2105
Ron Clements              ,2106
Steve Buscemi             ,2107
Roger Nygard              ,2108
Ron Underwood             ,2109
Christopher Smith         ,2110
John Hillcoat             ,2111
Michael Winterbottom      ,2112
André Øvredal             ,2113
Joseph Kosinski           ,2114
Jeff Kanew                ,2115
Robert Lorenz             ,2116
Wolfgang Petersen         ,2117
James Mottern             ,2118
Ethan Coen                ,2119
James Cameron             ,2120
Bart Freundlich           ,2121
David Schwimmer           ,2122
Robert Heath              ,2123
Jay Russell               ,2124
Eli Craig                 ,2125
Lauren Lazin              ,2126
David Soren               ,2127
Robert Butler             ,2128
Joe Dante                 ,2129
Catherine Hardwicke       ,2130
Michael Polish            ,2131
Ivan Reitman              ,2132
Jan de Bont               ,2133
Francis Ford Coppola      ,2134
Jean-Jacques Annaud       ,2135
Mark Brown                ,2136
Dario Argento             ,2137
James Toback              ,2138
Kim Nguyen                ,2139
Marc Lawrence             ,2140
Richard Wallace           ,2141
Jonathan Mostow           ,2142
Catherine Owens           ,2143
Jay Levey                 ,2144
Victor Nunez              ,2145
Martyn Pick               ,2146
Kurt Wimmer               ,2147
Paul Feig                 ,2148
M. Night Shyamalan        ,2149
Angelina Jolie Pitt       ,2150
Geoff Murphy              ,2151
Steve Rash                ,2152
Patricia Riggen           ,2153
Jonathan Glazer           ,2154
Audrey Wells              ,2155
Marcos Siega              ,2156
Juan José Campanella      ,2157
Måns Mårlind              ,2158
Patrick Tatopoulos        ,2159
Len Wiseman               ,2160
Meiert Avis               ,2161
Walter Hill               ,2162
Sam Martin                ,2163
Jean-Luc Godard           ,2164
Adrian Lyne               ,2165
Ken Scott                 ,2166
Clint Eastwood            ,2167
Levan Gabriadze           ,2168
Paul Greengrass           ,2169
Frédéric Auburtin         ,2170
Mic Rodgers               ,2171
Jaume Collet-Serra        ,2172
Louis Leterrier           ,2173
Hank Braxtan              ,2174
Tony Scott                ,2175
Simeon Rice               ,2176
Gregory Hoblit            ,2177
Jon Avnet                 ,2178
Pete Docter               ,2179
John Ottman               ,2180
Jon Shear                 ,2181
James McTeigue            ,2182
Vijay Chandar             ,2183
John Francis Daley        ,2184
Garry Marshall            ,2185
Jamie Blanks              ,2186
Gary Chapman              ,2187
Tim Boxell                ,2188
Serdar Akar               ,2189
Wes Craven                ,2190
Phil Claydon              ,2191
Jason Friedberg           ,2192
John Carpenter            ,2193
Amy Heckerling            ,2194
Mira Nair                 ,2195
Pete Travis               ,2196
Brian Robbins             ,2197
Yash Chopra               ,2198
Todd Haynes               ,2199
Mike Leigh                ,2200
Joel Schumacher           ,2201
Emily Young               ,2202
Martin Campbell           ,2203
Peter Berg                ,2204
Clark Baker               ,2205
David Cronenberg          ,2206
David Leland              ,2207
Brett Leonard             ,2208
Oleg Stepchenko           ,2209
Mick Jackson              ,2210
Pedro Almodóvar           ,2211
Richard E. Grant          ,2212
Christopher Guest         ,2213
Rob McKittrick            ,2214
Adrienne Shelly           ,2215
Robert Greenwald          ,2216
James Mangold             ,2217
Nicole Holofcener         ,2218
Kevin Bray                ,2219
Barry Cook                ,2220
Andrew Stanton            ,2221
Anna Mastro               ,2222
Ari Folman                ,2223
David Wain                ,2224
Timur Bekmambetov         ,2225
Steven Spielberg          ,2226
Joshua Seftel             ,2227
Duncan Jones              ,2228
John Badham               ,2229
Anthony Hickox            ,2230
Steve Miner               ,2231
Jonathan Levine           ,2232
Ronny Yu                  ,2233
Gavin OConnor             ,2234
Philip G. Atwell          ,2235
Gérard Krawczyk           ,2236
Zack Snyder               ,2237
Richard Montoya           ,2238
Francis Lawrence          ,2239
Sergey Bondarchuk         ,2240
Kevin Reynolds            ,2241
Deepa Mehta               ,2242
Penelope Spheeris         ,2243
McG                       ,2244
Max Joseph                ,2245
Cameron Crowe             ,2246
Eric Bross                ,2247
Lynne Ramsay              ,2248
James Gray                ,2249
Randall Wallace           ,2250
Andrew Haigh              ,2251
Malcolm D. Lee            ,2252
Donald Petrie             ,2253
Todd Solondz              ,2254
Jake Scott                ,2255
Dany Boon                 ,2256
Kelly Reichardt           ,2257
Neil Jordan               ,2258
Rawson Marshall Thurber   ,2259
Jerome Robbins            ,2260
James OBrien              ,2261
Niki Caro                 ,2262
Dennie Gordon             ,2263
Vincent Ward              ,2264
Tom Vaughan               ,2265
Robert Zemeckis           ,2266
William Arntz             ,2267
Kirk Jones                ,2268
Nancy Meyers              ,2269
David Raynr               ,2270
Lasse Hallström           ,2271
Brian Gibson              ,2272
Sam Weisman               ,2273
Mark Mylod                ,2274
Anand Tucker              ,2275
Rob Reiner                ,2276
Cédric Klapisch           ,2277
Thomas Carter             ,2278
Pat Holden                ,2279
Matt Williams             ,2280
Atom Egoyan               ,2281
Spike Jonze               ,2282
Noah Baumbach             ,2283
Drew Barrymore            ,2284
Damien Chazelle           ,2285
Peter M. Cohen            ,2286
Keenen Ivory Wayans       ,2287
Randal Kleiser            ,2288
Roland Emmerich           ,2289
Patrick Lussier           ,2290
Geoffrey Sax              ,2291
Peter Kosminsky           ,2292
Ridley Scott              ,2293
Dominic Sena              ,2294
Chris Paine               ,2295
Don Michael Paul          ,2296
Tyler Perry               ,2297
Mark Young                ,2298
Paul McGuigan             ,2299
Simon West                ,2300
Alain Resnais             ,2301
Walt Becker               ,2302
Jonathan Lynn             ,2303
John McNaughton           ,2304
Barry Sonnenfeld          ,2305
Jean-Marc Vallée          ,2306
Glen Morgan               ,2307
Mel Stuart                ,2308
Richard Loncraine         ,2309
Robert Luketic            ,2310
Russell Friedenberg       ,2311
Natalie Bible             ,2312
John Woo                  ,2313
Chris Roberts             ,2314
Jacques Perrin            ,2315
Darrell Roodt             ,2316
Stephen J. Anderson       ,2317
Martin Koolhoven          ,2318
Adam Rapp                 ,2319
Debra Granik              ,2320
Akiva Goldsman            ,2321
Zach Braff                ,2322
Kevin Tenney              ,2323
Steven Brill              ,2324
Robert Towne              ,2325
Gabriela Tagliavini       ,2326
Charles Robert Carner     ,2327
Peter Weir                ,2328
Mike Nichols              ,2329
David Hayter              ,2330
Simon Curtis              ,2331
Fina Torres               ,2332
Michael Schultz           ,2333
Benedek Fliegauf          ,2334
Curtis Hanson             ,2335
James Cox                 ,2336
Daniel Barnz              ,2337
Michael Wadleigh          ,2338
Daisy von Scherler Mayer  ,2339
Patrick Creadon           ,2340
Oliver Stone              ,2341
Marc Forster              ,2342
Bobcat Goldthwait         ,2343
Jonathan Liebesman        ,2344
Rich Moore                ,2345
Goran Dukic               ,2346
Rob Schmidt               ,2347
Lawrence Kasdan           ,2348
Gavin Hood                ,2349
Matthew Vaughn            ,2350
Brett Ratner              ,2351
Bryan Singer              ,2352
Pou-Soi Cheang            ,2353
Lee Tamahori              ,2354
Rob Cohen                 ,2355
Alfonso Cuarón            ,2356
Harold Ramis              ,2357
Ayan Mukerji              ,2358
Barbra Streisand          ,2359
Peyton Reed               ,2360
James Kerwin              ,2361
Sally Potter              ,2362
Eric Brevig               ,2363
Andy Fickman              ,2364
Kenneth Lonergan          ,2365
Frank Capra               ,2366
Dennis Dugan              ,2367
Robert Adetuyi            ,2368
Chris Stokes              ,2369
John Dahl                 ,2370
Lewis Gilbert             ,2371
Woody Allen               ,2372
Anthony Russo             ,2373
Jason Reitman             ,2374
Mel Brooks                ,2375
Christopher Cain          ,2376
Barry Levinson            ,2377
David Gordon Green        ,2378
Lynn Shelton              ,2379
Melville Shavelson        ,2380
Miguel Arteta             ,2381
Nora Ephron               ,2382
n/a                       ,2383
David Lam                 ,2384
Kevin Smith               ,2385
Wayne Thornley            ,2386
Jon Favreau               ,2387
Kathryn Bigelow           ,2388
Jake Kasdan               ,2389
Mora Stephens             ,2390
Kevin Hamedani            ,2391
David Fincher             ,2392
K. King                   ,2393
Ruben Fleischer           ,2394
Frank Coraci              ,2395
Ben Stiller               ,2396
Peter Hewitt              ,2397
Jérôme Salle              ,2398
Karyn Kusama              ,2399
